{ "_id" : "Male", "avgHeight" : 166.73878659398343, "averageWeight" : 70.01279224712296 }
{ "_id" : "Female", "avgHeight" : 166.81260913705583, "averageWeight" : 70.11331573604062 }